{
  "timestamp": "2026-04-19T21:13:12.061169",
  "total_time_seconds": 0.04342246055603027,
  "load_time_seconds": 5.5789947509765625e-05,
  "parse_time_seconds": 0.01230001449584961,
  "write_time_seconds": 0.031064987182617188
}